StudentID,Name,Gender,AttendanceRate,StudyHoursPerWeek,PreviousGrade,ExtracurricularActivities,ParentalSupport,FinalGrade,Study Hours,Attendance (%),Online Classes Taken
1,John,Male,85,15,78,1,High,80,4.8,59,FALSE
2,Sarah,Female,90,20,85,2,Medium,87,2.2,70,TRUE
3,Alex,Male,78,10,65,0,Low,68,4.6,92,FALSE
4,Michael,Male,92,25,90,3,High,92,2.9,96,FALSE
7,Daniel,Male,70,8,60,0,Low,62,4.5,96,FALSE
9,James,Male,82,12,70,2,Low,72,3.6,50,FALSE
10,Isabella,Female,91,22,86,3,High,88,2.9,59,TRUE
4611,Katherine Gray,Female,91,18,78,0,Low,62,1.7,59,TRUE
6514,Megan Miller,Male,90,8,85,1,Medium,88,1.3,52,FALSE
8573,James Smith,Female,88,12,90,1,High,92,4.1,70,FALSE
5386,James Reynolds,Male,92,22,88,3,Low,78,2,91,FALSE
3340,Brittany Sutton,Female,78,25,70,2,Medium,88,2.1,87,FALSE
6930,Annette Medina,Male,78,12,77,2,High,87,0.8,60,FALSE
2040,James Duncan,Female,70,22,77,2,Medium,72,4.3,50,TRUE
9837,Susan Brown,Male,91,30,77,1,High,90,4.4,69,TRUE
8177,Peter Jones,Female,90,25,90,2,Medium,80,2.9,64,TRUE
4510,Daniel Erickson,Male,91,22,77,3,Medium,62,1,56,FALSE
4139,Benjamin Vance,Male,82,17,65,0,High,85,2.3,54,FALSE
1821,Alexandra Harrington,Female,82,12,65,1,Low,87,4.3,54,TRUE
4853,Richard Johnson,Female,90,22,90,3,Low,80,3.1,76,FALSE
1152,Jerry Browning,Female,91,22,85,2,Low,92,2.5,58,FALSE
2127,Carrie Page,Male,95,18,65,1,Low,85,3.1,91,TRUE
5905,Michelle Benjamin,Male,78,18,85,2,Low,72,0.8,68,TRUE
6617,James Woods,Male,88,12,77,2,High,87,3.2,67,TRUE
1058,Angela Dunn,Female,78,18,65,1,Low,62,2.8,57,TRUE
3442,Nathan Riley,Male,95,22,70,0,Medium,68,0.2,73,TRUE
6862,Shelby Mahoney,Male,92,20,88,2,Medium,88,3.7,65,TRUE
3900,Andrea Frey,Female,85,10,88,0,Low,92,1.3,100,TRUE
7267,Justin Martin,Male,85,25,90,1,Medium,85,4.1,64,TRUE
1387,Mark Hartman,Male,70,30,82,2,Medium,90,3.2,75,FALSE
1452,Antonio Hansen,Male,88,10,86,2,High,87,3,72,FALSE
8149,Lynn Anderson,Male,70,22,90,2,High,62,0,84,TRUE
6967,Michael Cooley,Female,90,30,86,1,Low,87,3.6,69,FALSE
7691,Mitchell Sanders,Female,70,18,70,0,High,62,3.3,74,TRUE
8618,Lisa Castillo,Female,85,25,70,1,Low,68,3.3,68,FALSE
2530,Theresa Rodriguez,Male,88,25,90,0,High,80,1.2,80,TRUE
8461,Kimberly Wood,Female,91,25,60,1,Medium,92,0.7,94,TRUE
2746,Patricia Cox,Female,92,10,70,1,High,72,1.2,57,FALSE
3184,Kimberly Blair,Female,82,12,86,1,Medium,88,4.1,82,FALSE
9976,Jason Ramirez,Female,78,17,77,2,High,85,3.8,83,FALSE
4919,Gail Dudley,Female,85,20,82,3,Medium,90,1.6,84,TRUE
3267,John West,Male,92,8,65,3,High,62,2,84,FALSE
7812,Patricia Carr,Male,92,8,60,3,Low,80,4.3,98,FALSE
8814,David Nunez,Male,95,18,60,0,Low,72,4,64,FALSE
4595,Collin Peterson,Female,70,17,78,0,Medium,62,3.6,79,TRUE
9751,Rebecca Smith,Male,70,22,86,1,High,62,0.7,79,TRUE
7906,Desiree Reyes,Female,90,17,78,2,High,90,1.1,54,TRUE
1508,Megan Diaz,Male,92,15,86,0,High,68,2.4,57,TRUE
8619,Joseph Adams,Female,95,10,86,3,Low,87,3.9,60,FALSE
2771,Sharon Watson,Male,88,22,60,0,Low,92,0.4,94,TRUE
2669,Tiffany Smith,Female,91,20,86,1,Medium,72,2.1,73,TRUE
9289,Alexander Preston,Female,85,8,77,2,Medium,90,3.2,79,TRUE
8135,Randall Hickman,Male,82,18,86,2,Medium,78,2.2,96,FALSE
6280,David Hernandez,Male,90,18,77,3,Medium,88,3.1,74,FALSE
1470,Michelle Jones,Female,95,10,77,3,Medium,85,-5,200,FALSE
1166,Tonya Gonzalez,Male,90,25,60,1,Low,92,3.5,91,FALSE
8342,Sarah Johnson,Male,90,18,90,0,Low,92,1.5,87,FALSE
8753,Grace Valencia,Female,70,12,88,1,Low,78,1.4,66,TRUE
8216,Laura Cortez,Female,78,15,82,1,High,87,2,54,TRUE
3485,Lori Miller,Male,91,18,85,3,High,72,3.8,88,TRUE
9561,Lori Gomez PhD,Female,85,17,82,3,Medium,85,2.8,53,TRUE
4824,Maria Carter,Female,91,25,60,2,Low,92,3.2,67,TRUE
2169,Daniel Hood,Male,78,18,86,3,Medium,78,0.6,94,FALSE
7594,Amanda Hernandez,Female,82,12,77,1,High,88,0.2,77,FALSE
5102,Alyssa Schmidt,Female,90,25,86,3,High,85,2.9,98,TRUE
8708,Taylor Merritt DVM,Female,88,10,86,0,Low,78,4.8,80,FALSE
7690,Alyssa Smith,Female,95,20,65,1,Medium,78,1.4,75,TRUE
8451,Nathan Navarro,Male,95,18,88,2,Medium,72,4.1,50,FALSE
7770,Lisa Zimmerman,Male,92,12,88,3,Medium,78,3.8,63,FALSE
9165,Angelica Steele,Female,82,18,60,1,Medium,92,2.3,59,FALSE
4122,Gregory Daniels,Male,90,18,60,1,Low,85,4.1,68,FALSE
9022,Eric Davis,Male,85,12,77,1,Medium,72,3.8,74,FALSE
7325,Ruth Davis,Male,85,15,65,2,Low,90,4.3,78,TRUE
7512,Nancy Davis,Female,95,12,60,1,Low,78,4.4,52,TRUE
1474,Alison Lang,Male,95,15,82,1,Medium,62,0.7,83,FALSE
4804,James Anderson,Male,88,17,82,1,Medium,85,3.4,60,TRUE
8237,Robert Howard,Female,91,18,60,2,Medium,85,1,74,FALSE
2747,Rebecca Brown,Male,70,22,88,3,Medium,85,0.1,92,FALSE
2476,Jennifer Baker,Female,95,8,65,3,High,72,4.4,73,FALSE
3695,Diana Schultz,Female,85,18,88,2,Medium,87,0.7,64,FALSE
7242,Heather Johnson,Female,90,25,77,1,Low,72,1.6,89,TRUE
2035,Robert Lowery,Female,88,8,85,0,High,80,1.5,81,TRUE
6942,Brent Burns,Male,95,12,88,1,Medium,85,0.9,57,FALSE
2501,Melissa Barber,Male,91,15,78,1,High,68,3.9,63,TRUE
1258,Courtney Haas,Male,88,15,65,0,Low,87,3.7,80,FALSE
6931,Sarah Ross,Male,85,12,90,3,High,72,1.5,91,TRUE
8433,Jaime Nguyen,Female,90,20,70,3,Medium,78,4.4,76,FALSE
2099,Christina Thompson,Male,90,20,60,2,Low,90,4.1,85,TRUE
3535,Tracy Gibbs,Female,92,20,88,2,Medium,87,3.8,86,TRUE
3972,Robert Davis,Male,91,8,85,0,Low,80,0.5,83,TRUE
1861,James Stewart,Male,78,22,78,2,Medium,78,3.3,81,FALSE
7785,Brent Mendoza,Female,92,12,85,1,Medium,87,1.4,93,FALSE
9633,Dawn Taylor,Female,85,25,60,3,High,80,1,63,TRUE
5186,Larry Brown,Female,95,20,78,1,Low,62,0.9,74,TRUE
9196,Miss Teresa Hernandez MD,Female,90,8,78,0,High,78,4.6,70,FALSE
7626,Edward Baker,Female,88,20,60,1,Medium,68,4,89,FALSE
6928,Diana Gould,Male,70,20,90,0,Low,62,2.6,75,FALSE
6752,Paul Hull,Male,92,20,65,2,High,68,3,98,TRUE
3902,Allison Hamilton,Female,85,22,86,1,Low,88,3.2,89,FALSE
6179,John King,Male,85,20,77,1,Low,85,4,87,TRUE
9307,Connie Cooper,Female,85,22,70,1,Medium,88,3.3,70,FALSE
5059,Michaela Powell,Female,85,12,70,3,High,90,-5,200,FALSE
7697,Lawrence Roberts,Female,91,15,88,2,Medium,87,2.8,74,FALSE
5128,Nicholas Robinson DDS,Male,95,20,86,0,Medium,85,4.8,94,FALSE
3112,Jill Smith,Male,88,12,60,1,High,72,0.5,92,FALSE
9331,Michael Burns,Female,85,30,82,0,High,90,4.7,81,TRUE
4711,Adam Weaver,Male,78,20,82,2,Low,72,4.2,83,TRUE
6517,Melvin Mcgee,Male,91,8,65,0,High,88,4,60,FALSE
1715,William Banks,Female,95,25,77,3,Medium,78,1.2,65,FALSE
5670,Gregory Davila,Male,78,18,77,2,High,62,0.5,64,FALSE
6727,Rebekah Finley,Male,70,15,60,2,Medium,92,1.9,55,FALSE
4678,Robert Martinez,Male,95,20,88,0,High,80,1.4,80,TRUE
8685,Steven Crawford,Female,91,15,85,1,Medium,92,4.2,85,FALSE
2029,George Cannon,Male,85,22,70,1,Low,72,2.9,95,TRUE
9576,Stephanie Lawrence,Female,90,12,70,2,Low,72,0.1,80,TRUE
6447,Adam Blackwell,Male,85,30,70,1,Low,68,4.2,93,FALSE
8840,Andrew Owens,Male,78,20,77,1,Medium,92,0.2,62,TRUE
4060,Leon Nguyen,Female,85,30,70,2,High,62,0.4,88,TRUE
9937,John White,Female,95,20,85,1,Low,85,1.5,88,FALSE
3730,Justin Martinez,Female,95,17,78,1,Low,62,1.4,100,TRUE
3068,Jacob Murray,Male,92,30,88,0,Low,80,3,93,FALSE
7077,Anthony Green,Female,85,20,86,0,Low,90,2,91,FALSE
8311,Michael Smith,Male,91,18,77,3,High,68,4.3,78,TRUE
8292,William Hogan,Male,95,30,85,2,Low,85,4.5,60,TRUE
3114,Keith Wu,Female,82,15,85,2,High,85,0.8,70,TRUE
9234,Ronald Stewart,Male,91,22,65,0,Low,88,3.6,88,FALSE
1674,Ronald Schmidt,Male,90,15,86,2,Low,92,3.8,76,TRUE
9159,Courtney Bradley,Female,88,17,90,0,Medium,78,0.4,53,TRUE
8202,Deanna Gonzalez,Female,85,17,90,1,Low,68,1.6,95,FALSE
6658,Darrell Adams,Female,78,30,70,2,High,90,1.2,57,FALSE
5681,Jill Williams,Male,90,8,65,2,Low,90,3.8,73,TRUE
7563,Julia Russell,Male,91,12,90,1,Low,85,0.4,82,FALSE
4261,Tonya Thompson,Female,82,15,78,1,High,90,4,83,FALSE
1436,Elizabeth Andersen,Female,88,22,86,3,Low,80,2.9,60,FALSE
3421,Jeffrey Meyers,Male,85,22,85,3,High,78,1.6,59,FALSE
4340,Christopher Jones,Female,82,22,77,1,Low,68,2.6,85,FALSE
8932,Alexis Bates,Male,92,18,70,2,High,85,3.9,95,TRUE
7464,Omar Gonzalez,Female,78,18,78,2,Low,87,1.7,78,FALSE
8849,Melissa Perry,Male,92,12,82,2,Low,85,0.7,89,TRUE
4972,Dawn Torres,Male,82,25,90,1,High,62,1.7,80,TRUE
5676,Anna Rollins MD,Male,90,22,90,2,Low,80,4.6,61,FALSE
6489,Susan Morris,Female,85,12,70,1,High,72,2.3,62,TRUE
3875,Kristy Rhodes,Female,70,12,88,2,Medium,87,0.9,58,FALSE
2923,Paul Hickman,Male,95,22,90,3,High,78,0.8,97,FALSE
7813,Mrs. Kathy Woodward,Female,82,25,90,3,High,72,2.2,95,FALSE
2279,Alexis Horn,Male,85,12,70,3,Low,72,0.7,70,FALSE
2904,Shannon Harris DDS,Male,91,17,85,2,Medium,80,2.3,82,FALSE
8484,Alicia Ortiz,Male,82,17,82,1,Medium,85,-5,200,TRUE
1372,Gina Palmer,Female,85,12,60,2,Medium,92,1.2,72,TRUE
8314,David Anderson,Male,92,15,60,1,High,72,1.1,99,TRUE
7775,Jose Liu,Male,88,15,70,3,Low,68,3.1,77,FALSE
4948,Kathy Sandoval,Male,88,10,77,1,Low,62,4.8,85,TRUE
7363,Michael Webb,Male,88,25,88,2,Medium,90,0.5,96,TRUE
1844,Ronnie Taylor,Female,70,22,86,1,High,92,4,87,TRUE
8854,Matthew Miller,Male,95,18,78,3,High,87,3.7,98,FALSE
4974,Shelly Hurley,Male,70,25,70,1,Medium,62,2.3,91,FALSE
6053,Mr. Martin Dominguez MD,Female,95,12,77,1,High,78,3.8,70,TRUE
5836,Anthony Smith,Male,92,30,90,0,Low,92,2.5,91,FALSE
5216,John Lopez,Female,85,17,65,1,High,68,3.6,81,TRUE
9882,Nathan Rodgers,Male,82,15,85,1,High,62,0.7,90,TRUE
2113,Martin Walker,Male,85,25,70,1,Medium,80,3.1,92,FALSE
8993,Jesus Wood,Male,85,12,70,0,High,80,2.6,67,FALSE
1280,Kelly Bell,Female,78,20,85,2,High,92,1,83,FALSE
6807,Kathryn Randall,Female,70,20,88,0,Medium,88,1.2,94,TRUE
5914,Sarah Norris,Male,85,20,60,0,Medium,72,2.4,90,TRUE
8790,William Wade,Female,85,20,82,2,Low,80,0.9,70,TRUE
7288,Teresa Sanders,Male,90,12,88,1,High,62,1.2,54,FALSE
7499,Richard Oneal,Female,85,18,77,1,High,90,2.8,74,FALSE
4043,Christine Cooper,Female,90,22,82,3,Low,87,0.4,59,FALSE
2674,Loretta Gonzalez,Male,90,10,60,1,Low,72,2.6,56,TRUE
2468,Douglas Ingram,Female,82,20,86,3,Medium,62,0.1,76,FALSE
2387,Randy Anderson,Male,91,12,65,0,High,68,1.3,67,FALSE
3390,Donna Shaw,Male,78,8,82,0,Medium,78,3.9,73,FALSE
7224,Taylor Acosta,Female,85,30,60,3,High,85,1.6,94,TRUE
8848,Danielle Scott,Female,78,8,88,2,Low,78,4.8,100,TRUE
5139,Kimberly Lambert,Male,70,8,85,1,Low,78,2.9,84,FALSE
9907,Rebecca Mendoza DDS,Male,95,12,86,2,High,92,3.3,72,TRUE
1725,Michael Anderson,Female,95,8,85,1,High,85,1.1,97,TRUE
8303,Hannah Gentry,Female,70,17,86,2,High,90,5,80,TRUE
5840,Patrick Reed,Female,90,20,65,1,Medium,90,2.3,63,FALSE
1370,Thomas Lee,Female,90,10,90,2,High,72,0.8,85,FALSE
8037,Michael Martinez,Female,85,25,90,2,Low,87,2.9,84,TRUE
7367,Sean Hull,Female,91,20,88,1,Medium,88,0.9,93,FALSE
2388,Sarah Welch,Male,95,20,90,2,High,68,1.9,59,FALSE
7852,Mr. Stephen Gilmore,Male,91,8,60,0,Medium,72,3.5,91,TRUE
8939,Joshua Kane,Male,92,8,70,2,Low,78,2,81,FALSE
8272,Anthony Wright,Female,78,20,86,1,High,85,0.2,64,FALSE
3755,Nathaniel Lopez,Female,91,17,70,2,High,88,0.6,99,FALSE
5305,Christopher Moore,Female,90,17,85,3,High,88,3.4,95,FALSE
1971,Michael Gomez,Female,78,10,90,0,Low,90,4.1,98,FALSE
9019,Caleb Serrano,Male,91,18,60,0,Medium,87,3.2,99,TRUE
7600,William Carlson,Female,95,17,77,1,Low,80,4.3,96,TRUE
8511,Timothy Pruitt,Female,90,12,60,3,Medium,92,2.5,70,FALSE
6533,Mario Johnston,Male,91,17,88,1,High,87,3.1,79,TRUE
5489,Joyce Williams,Male,95,18,85,1,Low,68,0.3,90,FALSE
3688,Patricia Williams,Female,95,25,65,0,Low,78,4.3,55,TRUE
3293,Michael Payne,Male,91,8,88,0,Medium,68,1.2,91,TRUE
5065,Brooke Friedman,Female,85,18,90,2,Low,72,0.9,75,FALSE
1894,Daniel Mathis,Male,85,8,85,3,Medium,88,0.4,50,FALSE
6185,Lynn Jennings,Female,70,22,60,1,Low,68,3.8,99,TRUE
1273,Kimberly Randolph,Male,85,18,90,1,High,62,2.5,90,FALSE
7939,Jack Simmons,Female,90,12,70,3,High,85,0.4,55,TRUE
3545,Daniel Mendez,Female,70,22,85,2,Low,62,3.6,65,TRUE
3735,Shawn Galloway,Female,78,18,85,1,Medium,62,1.4,54,FALSE
2262,Thomas Barnes,Female,85,12,88,1,Medium,88,0.8,60,FALSE
5444,Patrick Thompson,Male,91,30,85,2,Low,80,0.9,83,TRUE
7568,Marissa Stewart,Male,85,18,82,1,High,72,2.3,73,TRUE
5777,Melissa Wilson,Female,91,25,77,1,Low,78,5,99,TRUE
6488,Mark Castillo,Male,70,18,85,3,Low,92,2.1,53,TRUE
5584,Mr. Kent Stanton,Male,85,25,70,0,Low,90,2.3,97,TRUE
2565,Tyrone Phillips,Male,70,20,86,3,High,62,3.3,58,TRUE
5778,Christopher Collins,Female,95,8,88,1,Medium,85,1.2,62,TRUE
8404,Christopher Mccullough,Female,85,18,85,2,High,85,4.1,94,TRUE
4522,Carla Rodriguez,Female,78,20,90,1,Medium,72,0.2,69,FALSE
3848,Makayla Howard,Male,70,17,70,2,High,87,2.3,100,TRUE
2989,Barbara White,Male,85,25,65,3,Medium,90,3.4,91,TRUE
1699,Cody Donovan,Female,85,10,86,0,Low,62,2.5,74,FALSE
5835,Benjamin Alexander,Female,70,12,77,1,High,85,1.9,76,TRUE
9614,Isaac Lopez,Male,82,15,60,1,Medium,72,3.9,72,FALSE
7363,Ariana Morse,Female,78,15,88,3,High,80,4.5,99,FALSE
1462,Derek Choi,Female,91,22,65,3,High,78,2.7,61,FALSE
1621,Paul Reese,Male,85,25,86,3,High,72,2.4,71,TRUE
3137,Francisco Chang,Female,78,30,78,1,High,88,3.5,59,TRUE
8157,Andrew Wilkerson,Female,95,10,70,3,Medium,92,3.3,61,FALSE
6026,Brandon Alvarez,Female,78,10,78,3,Medium,88,0.2,88,FALSE
4619,Gary Young,Male,85,10,88,2,High,90,4.9,60,TRUE
6500,Jessica Wright,Female,85,18,90,3,Low,87,1.8,100,TRUE
2661,Alexander Gordon DDS,Female,91,25,65,1,High,80,1.5,70,FALSE
2715,James Martinez,Male,95,10,60,0,Low,87,2.7,55,FALSE
8909,Francisco Williams,Male,70,10,86,0,High,80,0.5,63,TRUE
7705,Jordan Brooks,Female,88,18,90,2,High,62,2.9,81,TRUE
1893,Kurt Boyd,Female,85,8,85,2,Low,88,2.4,56,TRUE
4390,Bryan Salazar,Male,88,20,77,2,Medium,62,2.4,92,FALSE
2493,Mrs. Heather Roy,Female,78,30,60,1,High,78,0.2,78,FALSE
4727,Kathleen Newton,Male,70,12,60,2,Low,78,2.9,65,FALSE
5896,Julian Fox,Male,70,15,70,3,Low,88,3.4,89,TRUE
2970,Kylie Hancock,Female,78,10,90,3,High,80,2.1,93,FALSE
4308,Matthew Werner,Male,91,18,88,2,High,62,2.8,85,FALSE
5525,Kelsey Bush,Female,85,22,86,2,Medium,87,2.1,59,TRUE
2730,Brandon Dickerson,Male,88,12,88,0,Medium,62,3.3,86,FALSE
1613,Jamie Allen,Male,88,8,65,3,Low,62,0.2,71,TRUE
4734,Elizabeth Chavez,Male,88,17,88,2,Low,62,3,55,TRUE
8237,Melissa Morris,Male,70,17,70,1,High,72,4,54,FALSE
9303,Donna Hardin,Female,78,12,86,1,High,92,4.4,62,TRUE
6640,Samuel Shaw,Male,88,20,82,1,Medium,80,0.8,86,TRUE
4626,Mike Waters,Male,92,18,60,2,High,80,2.4,58,TRUE
1138,Andrea Newman,Female,88,22,82,2,Medium,62,4.3,79,FALSE
4086,Laurie Johnson,Male,82,25,78,3,Medium,90,3.4,96,TRUE
9148,John Coleman,Female,88,8,60,0,Low,80,2.9,86,TRUE
6622,John Carter,Male,82,17,88,2,Medium,68,4.2,85,TRUE
5813,Mr. Devon Garrett,Male,85,10,82,2,High,90,3.3,64,FALSE
1879,Richard Gonzalez,Male,85,25,70,2,Low,62,2.6,76,TRUE
3470,Alex White,Male,92,30,60,3,Medium,68,1.6,95,TRUE
2324,Michael Gonzales,Female,95,10,88,1,High,78,1.4,98,TRUE
1076,Daniel Herrera,Male,82,25,88,1,Medium,72,1,93,TRUE
6615,Heidi Simmons,Female,95,25,65,0,High,92,1.1,58,TRUE
1359,Andrea Fuller,Male,90,30,78,0,Low,85,3.9,89,TRUE
1785,David Dunlap,Male,85,15,85,0,Medium,62,0.6,66,FALSE
3508,Antonio Mitchell,Male,85,18,60,2,Low,72,1.3,88,TRUE
7862,Mariah Cole,Male,82,22,85,2,High,87,2.5,88,TRUE
6416,Raymond Murillo,Male,85,15,85,2,Low,78,-5,200,TRUE
2659,Andrea Bradley,Female,92,17,82,2,Medium,80,0.5,61,TRUE
2699,Eric Scott,Female,91,17,86,1,High,88,1.9,72,TRUE
6664,Robin Spears,Female,78,12,86,1,High,68,2.5,80,FALSE
3709,David Owens,Male,85,30,90,1,Medium,80,2.5,85,FALSE
6952,Sarah Bailey,Female,90,20,90,1,Medium,90,4.1,68,FALSE
2741,Kendra Ramirez,Male,78,17,65,0,High,85,3.1,62,TRUE
7437,Diane Ross,Male,85,25,88,2,Medium,80,4.6,93,TRUE
8381,Stephanie Mcfarland,Female,91,12,65,1,High,72,3.7,85,FALSE
8912,Michelle Woods,Male,91,10,65,2,Medium,88,3,70,FALSE
7859,David Ruiz,Male,88,8,88,2,Medium,68,0.7,88,FALSE
6876,David Park,Female,90,22,70,3,Low,72,1.9,82,FALSE
1769,Christopher Poole,Female,70,8,88,2,High,80,3.7,62,FALSE
4063,Virginia Daniel,Male,82,20,60,1,Medium,85,2.8,58,TRUE
9037,Brett Barrett,Female,90,30,70,3,High,72,0.3,82,TRUE
9691,Haley Robertson,Female,82,15,85,1,Medium,92,4.5,89,TRUE
1653,Michelle Gonzalez,Female,70,20,60,2,Low,85,0.1,83,FALSE
9814,Felicia Howard,Male,90,25,90,0,High,92,2.7,94,FALSE
2181,Sean Walker,Male,85,17,88,1,High,87,0.3,100,FALSE
2154,Brianna Mills,Male,88,8,60,1,Low,62,2.2,51,FALSE
2938,Michael Case,Male,91,20,86,1,Low,87,1.8,82,TRUE
5748,Felicia Houston,Female,91,20,82,1,Medium,62,4.1,51,FALSE
3561,Kevin Wilson,Male,78,8,70,2,Low,68,1.5,100,FALSE
2877,Maurice Martinez,Male,91,15,70,1,Low,72,0.4,92,TRUE
5107,Jonathon Perry,Male,92,22,77,1,Medium,68,3.4,65,TRUE
5533,Paul Williams,Female,78,30,77,1,Medium,90,3.9,81,TRUE
3879,Tyler Boyer,Male,88,10,70,3,Medium,87,3.6,51,TRUE
7637,Kristy Nichols,Male,85,12,82,2,Low,78,3.3,59,FALSE
7430,Darren Martin,Male,91,18,65,1,Low,72,0.5,73,TRUE
9485,Jesus Henson,Female,70,17,77,1,High,90,0.5,83,FALSE
5314,Robin Stewart,Male,70,8,88,3,Low,87,2.6,74,TRUE
3713,Ronnie White,Male,90,12,82,3,High,68,0.8,88,TRUE
4773,John Fox,Female,95,20,77,1,Medium,92,3,91,FALSE
1916,Daniel Scott,Male,88,10,70,0,Low,88,3.2,96,FALSE
9706,Tiffany Moore,Male,90,17,65,3,Low,80,4.5,99,FALSE
9553,Sylvia Chavez,Female,95,15,70,0,High,78,3.9,74,FALSE
5223,Ashlee Wilcox,Male,85,15,86,2,High,72,0,91,TRUE
6175,Lance Johnson,Female,95,20,65,0,Low,88,1.3,84,FALSE
2642,Patrick Gonzalez MD,Male,82,8,88,2,Low,80,0.8,90,TRUE
2492,Cole Gomez,Male,85,22,60,2,High,85,1.1,55,TRUE
7296,Alejandro Gutierrez,Female,91,12,82,3,High,68,3.2,78,TRUE
4304,Natalie Long,Female,92,15,86,2,Low,92,3.1,93,TRUE
6893,Abigail Ingram,Male,85,10,85,2,Medium,90,3.3,75,TRUE
9482,Eileen Lee,Male,90,20,70,2,Low,72,4.6,72,FALSE
5530,Nancy Moore,Female,91,25,77,0,Low,80,1.3,76,TRUE
2185,Melanie Wilson,Female,95,20,70,2,Low,88,1.3,78,FALSE
4610,Christopher Payne,Male,95,8,88,2,Low,80,3.5,66,TRUE
5706,John Franklin,Male,70,30,85,2,High,78,1.6,63,FALSE
3994,Angel Stout,Male,85,25,90,3,Medium,92,1.1,65,FALSE
1887,Zachary Daniel,Female,85,12,78,2,Medium,62,4.3,99,TRUE
8490,Angel Howard,Male,82,17,88,1,High,92,1.9,56,FALSE
4013,Heather Gamble,Female,70,25,60,1,Medium,62,1.4,61,TRUE
4744,Sean Levine,Male,88,25,70,0,Medium,92,0.7,97,TRUE
8749,Brian Diaz,Male,78,8,77,0,Low,72,2.7,70,FALSE
5915,Catherine Koch,Female,82,22,78,0,High,68,0.3,66,FALSE
5663,Mary Warren,Female,95,12,77,1,High,62,3.1,79,TRUE
3745,Amanda Bryant,Female,70,22,86,0,High,87,0.8,64,FALSE
6191,Joel Ford,Female,88,22,60,2,Medium,90,3.7,83,FALSE
7782,Mark Miller,Male,78,15,65,3,Low,85,4.7,94,TRUE
4450,Sarah Russell,Female,70,20,85,2,Medium,72,0.3,99,FALSE
9584,Lisa Mitchell,Male,90,18,86,0,High,62,1.5,65,FALSE
8260,William White,Male,78,12,65,1,High,90,4.3,70,FALSE
9576,Elizabeth Wright,Female,95,17,70,3,High,78,1.5,76,FALSE
3551,Pamela Woods,Female,85,15,70,0,Medium,85,2.3,50,FALSE
8816,Sydney Patterson,Female,85,8,82,3,High,80,2.7,62,FALSE
8161,Lisa Johnson,Female,92,10,60,0,High,85,0.4,90,TRUE
9464,Todd Jackson,Female,88,12,82,0,High,87,0.9,68,TRUE
8460,Shelby Richards,Female,88,22,77,3,Medium,80,0.8,84,TRUE
4046,Joseph Roberts,Male,88,18,65,1,Low,80,1.2,59,TRUE
9086,Samantha Burton,Male,95,8,82,1,Medium,78,3.5,52,FALSE
2314,Cynthia Mcdonald,Male,85,18,60,2,Low,78,0.9,66,FALSE
1206,Kimberly Petty,Male,92,8,77,3,Low,80,1,97,TRUE
9538,Joshua Carpenter,Male,85,8,82,1,High,80,3.7,85,TRUE
5150,Jessica Fuller,Female,88,25,88,1,Low,92,4.9,65,FALSE
6316,Andrea Barber,Male,78,18,86,2,Medium,92,0,52,FALSE
3539,Brian Lyons,Female,90,25,65,1,High,88,1.7,98,TRUE
8187,Robert Taylor,Male,85,8,88,0,Medium,80,2.4,78,FALSE
2128,Steven Myers,Male,85,18,82,2,Medium,78,0,90,FALSE
4039,Cassandra Perez,Male,91,30,86,3,Medium,87,3.3,84,FALSE
7366,Amy Fisher,Female,82,22,86,2,High,90,1.1,95,TRUE
1214,Stephanie Reid,Male,85,20,77,1,Medium,72,3.7,76,FALSE
4784,Christina Russo,Female,92,25,70,3,Low,68,2.8,85,FALSE
2728,Raymond Howell,Female,85,8,85,0,High,72,2,71,TRUE
9747,Angela Perez,Female,95,30,70,1,Medium,62,3.8,77,FALSE
5521,Ronald Davis,Male,90,15,77,1,High,68,1.3,87,TRUE
4817,Melissa Lucas,Female,88,20,86,0,Low,92,3.7,96,FALSE
8905,Heidi Leonard,Male,85,22,85,3,Low,85,0.2,86,FALSE
7266,Richard Swanson,Male,88,12,78,1,Low,88,0.7,82,TRUE
3509,Lauren Simpson,Male,70,17,86,3,Low,87,1.1,68,FALSE
7529,Marissa Raymond,Female,78,10,77,2,High,78,2,86,TRUE
7939,Michael Kelly,Female,95,25,88,1,Low,80,3.8,60,FALSE
8245,Peggy Hill,Male,85,15,90,3,Low,90,0.8,96,TRUE
8373,Laura Stevens,Female,85,30,90,2,High,92,2.7,98,FALSE
9991,Terri Potter,Female,91,10,78,0,Low,72,0.2,60,TRUE
5653,Veronica Saunders,Male,91,18,78,1,Low,80,0.3,92,FALSE
6465,Jennifer Dickson,Female,70,10,78,1,Low,90,1.8,69,TRUE
9212,Alexa West,Female,85,18,60,1,Low,85,1.1,71,FALSE
3248,Phillip Donovan,Male,70,12,86,3,Medium,92,2.9,77,FALSE
6395,Monique King,Female,82,10,90,0,Low,72,3.4,62,TRUE
4804,Nathan Wall,Male,85,30,85,1,High,72,4.2,80,FALSE
4014,Kristin Macias,Female,85,17,65,0,High,92,0.2,98,TRUE
9530,Bradley Stevens,Male,85,17,78,3,Low,72,2,97,TRUE
7347,Morgan Hampton,Male,92,18,77,0,Medium,85,2.3,77,FALSE
1893,Lori Carrillo,Male,85,17,85,2,High,68,3.9,94,TRUE
7440,Samantha Novak,Female,95,17,78,0,Medium,88,4.5,62,FALSE
2477,Audrey Robinson,Female,95,10,85,2,High,78,3.2,55,FALSE
9383,Lindsey Kerr,Male,70,12,60,1,High,90,2.8,92,TRUE
3656,Cynthia Nguyen,Male,78,15,60,2,Medium,78,1.4,61,TRUE
9084,Matthew Stevenson,Male,92,22,77,1,Medium,78,0.4,88,TRUE
5009,Rhonda White,Female,91,12,90,1,High,68,0.3,72,TRUE
3381,Larry Ramsey,Male,91,22,82,1,High,80,0.5,61,TRUE
5659,Kimberly Anderson,Male,85,22,88,1,High,85,1.6,74,TRUE
4425,Kelly Baker,Male,90,22,70,2,Medium,88,4.7,95,FALSE
7996,Wendy Miller,Female,88,12,86,3,Medium,68,3.1,81,FALSE
9069,Michael Webster,Male,91,25,82,3,High,87,0.1,90,TRUE
4396,Michelle Ryan,Female,70,15,88,1,Low,92,0.1,62,FALSE
5168,Justin Jennings,Male,88,18,70,2,Medium,80,0.6,71,FALSE
7488,Norma Ward,Male,78,25,88,1,Low,78,4.6,52,TRUE
7147,David Stone,Male,91,22,60,0,Low,87,4.3,98,FALSE
6152,Amy Evans,Male,88,8,85,1,High,90,2.3,69,TRUE
9192,Stephen Ramirez,Male,92,30,77,2,Medium,90,0.7,56,TRUE
4361,Nicholas Baxter,Male,85,8,70,2,High,85,4.7,93,TRUE
6460,Raymond Smith,Female,85,20,70,2,High,88,3.8,90,TRUE
6257,Roy Johnson,Male,92,18,82,2,Medium,78,3.4,67,TRUE
5440,Justin Johnson,Male,88,22,90,0,High,85,3.1,71,FALSE
8304,Kaylee Benjamin,Female,88,30,90,2,High,78,2.8,55,FALSE
2593,Charles Murphy,Female,88,17,77,3,High,68,4.3,89,FALSE
8842,Michael Woods,Female,78,18,88,3,Low,68,2.5,75,TRUE
6339,Michael Kane,Male,88,12,77,0,Low,62,1.2,65,TRUE
8903,Susan Benson,Female,90,30,90,3,Medium,62,2.8,71,TRUE
3835,Timothy Armstrong,Male,91,17,85,3,Low,78,1.6,56,FALSE
3886,Cindy Harvey,Female,70,20,86,2,Low,88,3.9,74,FALSE
9098,Caitlin Carter,Male,90,25,65,3,Low,80,3.8,92,TRUE
8421,Ricky Johnson,Female,70,22,86,1,High,92,3.4,70,FALSE
5989,Bryan Hoover,Female,95,20,86,1,Low,72,2,58,FALSE
2022,Elijah Wagner,Female,82,15,78,2,Medium,87,4.3,51,TRUE
8073,Felicia Davis,Female,95,8,60,0,Medium,72,1.1,61,FALSE
3200,Michael Yoder,Male,90,15,65,1,Low,62,4.9,58,TRUE
3248,Samantha York,Female,85,22,60,3,High,78,2.5,85,FALSE
7303,Joanna Martinez,Female,92,10,60,3,High,88,2.5,96,TRUE
9220,Penny Hopkins,Female,70,12,86,1,High,80,2.8,95,FALSE
5017,Jennifer Morgan,Female,90,12,86,2,Low,80,4.5,84,TRUE
8681,Dalton Chen,Female,82,17,86,1,Medium,90,4.8,68,FALSE
3744,Mrs. Amy Carney MD,Male,91,18,86,2,High,78,2.9,86,TRUE
5780,Melissa Wang,Male,88,17,85,0,Low,87,4.3,67,FALSE
7222,Deanna Jones,Female,85,18,65,2,Medium,80,1.4,78,FALSE
6172,Alicia Young,Female,90,12,88,0,Low,85,1.7,67,TRUE
5183,Peter Figueroa,Female,85,25,86,3,Low,90,3.4,61,FALSE
4594,Jonathon Woodward,Female,88,25,78,1,Low,87,0.3,88,TRUE
2995,Brian Hayes,Male,90,22,65,0,Low,88,4,61,TRUE
3915,Terri Hayden,Female,90,17,90,3,Medium,68,3.2,56,TRUE
9857,Taylor Burns,Female,92,22,85,1,Low,85,0.5,54,TRUE
5105,Andrew Jimenez,Female,85,17,65,1,High,62,1.3,94,FALSE
7411,Wendy King,Male,82,17,77,0,Medium,87,2.7,50,FALSE
8898,Luis Carter,Male,91,12,88,1,Low,85,2,90,TRUE
5896,Tiffany Sanders,Female,90,30,77,2,Low,78,3.7,58,TRUE
9791,Brittany Andrews,Male,91,25,85,1,Low,68,2.4,51,FALSE
1750,William Weber,Male,78,15,65,1,Medium,87,2.3,60,TRUE
2742,Angela Ortiz,Male,85,22,86,3,High,92,2.1,97,FALSE
3185,Travis Harrell,Male,91,8,65,1,Medium,87,0,61,TRUE
5648,Craig Mccann,Female,85,10,90,0,Low,85,2.6,76,TRUE
4144,Kelly Cohen,Male,82,20,86,1,Low,72,1.1,99,TRUE
9804,Henry Johnson,Male,78,15,77,2,High,87,4.5,96,FALSE
6340,Keith Wilson,Female,92,30,90,2,Medium,92,0.5,97,FALSE
4276,Jordan Chase,Female,92,20,77,3,Medium,80,4.5,59,TRUE
8454,Kayla Solomon,Male,70,30,65,1,Low,92,3.2,67,TRUE
6503,Hayley Johnson,Male,85,22,78,2,High,87,4.3,79,FALSE
3804,John Bender,Female,92,18,86,0,Low,88,4.5,86,TRUE
5041,Michael Willis,Male,95,8,86,3,Low,68,4.6,50,FALSE
1724,James Simmons,Male,85,12,78,0,Low,62,2.4,94,TRUE
8452,Michael Walters,Female,78,8,65,1,Low,78,3.5,50,TRUE
7305,Jason Anderson,Female,82,15,82,0,Medium,88,2.7,100,TRUE
6989,James Hoover,Female,78,12,85,2,Low,92,0.7,71,TRUE
5540,Lisa Williams,Female,90,30,88,1,Medium,72,2.6,57,FALSE
9714,Erica Thomas,Female,85,22,88,2,High,78,0.4,75,TRUE
5803,Molly Jones,Female,82,10,77,1,Medium,78,3.7,51,FALSE
7093,Arthur Johnson,Female,85,10,88,2,Medium,68,3.1,60,FALSE
3986,Collin Edwards,Male,78,10,90,2,High,90,2.9,78,FALSE
8306,David Jimenez,Female,90,30,78,3,Low,92,2.9,64,FALSE
6915,Marvin Cardenas,Female,78,8,88,0,Medium,80,1.4,72,FALSE
2449,Christopher Taylor,Male,70,18,60,0,Low,78,3.6,98,TRUE
4264,Brenda Bell,Male,70,18,70,1,High,85,4.2,69,FALSE
8593,Ashley Nguyen,Male,85,15,65,2,Medium,78,0.6,92,FALSE
7834,Michael Bailey,Male,85,25,78,2,Medium,78,5,54,FALSE
1798,Karen Cruz,Female,88,12,85,2,High,68,3.8,88,TRUE
9908,Jodi Taylor,Female,95,18,82,1,High,72,2.9,59,TRUE
3243,Thomas Mcgrath,Female,95,17,60,1,High,87,1.1,82,TRUE
3277,Kathy Bailey,Female,91,12,88,0,Low,85,0.1,57,TRUE
3108,Karen Wolf,Male,92,18,65,3,High,87,2.1,98,TRUE
4365,Ashley Jordan,Male,78,30,78,2,High,85,4.7,72,FALSE
3630,Lonnie Williams,Male,82,22,85,2,Low,80,2.6,95,TRUE
5617,Michael Poole,Male,82,15,85,3,Low,78,1.8,87,TRUE
8203,David Martinez,Male,78,30,60,0,High,72,-5,200,FALSE
3025,Eduardo Miller,Female,90,12,65,1,Medium,85,2.8,52,TRUE
2723,Audrey Woods,Female,85,12,85,2,High,62,2,87,TRUE
3764,Lauren Brown,Male,95,25,88,3,Low,62,0.6,77,FALSE
5563,Stephanie Merritt,Female,70,30,77,3,Medium,78,2.6,59,FALSE
2770,Rebecca Jones,Male,88,17,77,3,Low,68,0.1,97,TRUE
2117,Isaiah Arnold,Female,85,10,60,3,Low,90,0.8,89,TRUE
2253,Andrea Frey,Female,85,25,82,1,Medium,72,1.3,71,TRUE
1517,Andrew Dudley,Female,90,8,77,1,Medium,78,2.3,52,TRUE
5965,Kenneth Jones,Male,85,8,65,2,Low,62,2.4,57,FALSE
9837,Jane Griffith,Female,85,12,65,2,High,62,1.3,87,FALSE
6779,Jeff Phillips,Female,95,15,78,3,High,68,4.2,72,TRUE
6591,Dawn Edwards,Female,90,8,88,1,Medium,90,0.3,65,TRUE
4844,Paige Campbell,Female,91,20,85,2,High,90,0.8,84,FALSE
1612,Belinda Kim,Female,70,22,70,0,Medium,80,3.5,87,TRUE
6504,Ruben Steele,Female,82,30,65,3,Medium,90,4.8,62,FALSE
2234,Bradley Martinez,Male,88,18,78,2,Low,62,4,89,TRUE
2552,Alison Williams,Female,88,20,86,2,Medium,62,1,100,TRUE
5945,Scott Ferguson,Female,70,12,88,3,Medium,62,1.3,82,FALSE
9971,David Brown,Male,85,12,65,3,Medium,92,3.3,97,FALSE
7649,Renee Scott,Male,90,10,90,1,High,85,2.3,85,FALSE
7914,Aimee Green,Male,92,10,82,0,High,85,3.9,67,TRUE
1691,Ricky Jenkins,Female,85,15,85,1,Low,85,4.3,76,FALSE
2479,Kelly Allen MD,Female,78,25,85,3,Low,72,4.7,83,FALSE
9133,Sean Smith,Male,92,22,85,1,Medium,88,3.7,97,TRUE
7928,Robert Johnson,Male,78,20,65,3,Medium,78,2,87,TRUE
6947,Ryan West,Female,95,18,78,3,High,80,3.5,100,TRUE
5929,Christina Fitzgerald,Male,92,18,90,0,Medium,90,4.4,99,FALSE
1555,Susan Roberson,Female,90,17,77,0,Medium,62,4.4,56,TRUE
4010,Jodi Rogers,Female,78,15,60,3,Low,85,1.6,55,TRUE
3585,Michelle Clay,Male,82,10,86,0,Medium,78,2.4,97,TRUE
5270,Jacob Bean,Male,91,30,82,3,High,62,1.8,75,FALSE
4677,Robert Harper,Male,85,12,86,3,High,78,1,94,TRUE
1231,Michelle Graham,Female,85,17,85,3,Low,92,1,100,FALSE
5717,Seth Johnson,Female,70,10,60,3,Low,92,5,68,TRUE
8506,Julia Sanchez,Male,85,17,65,1,Low,62,3.4,95,FALSE
1745,Justin Sharp,Male,88,12,86,0,Medium,62,3.4,58,TRUE
3323,Christine Mullins,Female,90,30,78,0,Medium,85,3.7,77,FALSE
5312,Timothy Mcbride,Female,82,30,60,0,Medium,78,3.8,59,FALSE
1871,Deborah Reyes,Male,78,15,90,0,High,78,1.3,95,FALSE
1067,Makayla Rhodes,Male,70,20,90,1,Low,87,4.4,51,FALSE
8439,Sean Hernandez,Female,91,15,88,1,Low,88,4.8,70,TRUE
4463,Christine Young,Male,88,30,78,2,Low,88,1.9,75,FALSE
3916,Brian Hale,Male,70,20,78,3,High,62,3.9,68,TRUE
2975,Sandra Hart,Female,85,8,82,3,High,90,3.3,73,TRUE
9021,Christine Curtis,Female,70,17,82,3,Low,62,0.5,77,FALSE
4053,Tara Johnson,Female,70,20,78,2,Medium,78,3.4,91,TRUE
5073,Miguel Leblanc,Female,88,22,78,2,High,80,2.6,82,FALSE
7766,Christina Mcintyre,Male,85,22,82,1,Medium,88,0.4,82,TRUE
2866,John Weber,Female,78,10,60,1,High,62,4.4,69,FALSE
8454,Timothy Austin,Female,91,18,88,0,High,68,0.4,88,FALSE
7637,Michael Noble,Female,88,22,86,1,Low,62,4,55,TRUE
3213,Christine Shah,Male,92,20,78,3,High,92,2.4,59,TRUE
8139,Lisa Maynard,Male,90,18,77,0,Medium,62,0.1,60,TRUE
8295,Lisa Lynch,Female,85,15,77,3,High,92,1.5,75,TRUE
6469,Angela Warren,Male,90,8,60,1,Low,88,3,85,FALSE
1994,Yvonne Krueger,Male,70,22,88,2,High,85,4.5,76,FALSE
2915,Keith Bailey,Female,91,30,77,0,High,68,1.4,62,FALSE
6633,Barbara Case,Female,92,12,90,3,Low,90,4.6,95,FALSE
3148,Jamie Torres,Female,70,8,88,1,High,88,1,94,TRUE
8911,Justin Jacobs,Male,78,25,65,3,Medium,87,4,81,FALSE
2043,Michelle Kelly,Female,70,20,86,3,High,72,1.1,66,FALSE
6820,Terry Hernandez,Male,82,18,65,2,Low,87,3.5,78,FALSE
2817,Aaron Duarte,Male,91,22,85,2,High,72,0.5,90,TRUE
4365,Micheal Perez,Female,78,18,77,2,Medium,87,0.8,73,FALSE
3257,Troy Bradford,Male,92,17,60,1,High,78,1.7,82,TRUE
2396,Bobby Wilkinson,Female,95,8,88,3,High,72,2.1,64,TRUE
9647,Todd Brooks,Male,70,17,90,2,Low,88,3.3,94,FALSE
7627,Madeline Rush,Male,88,20,78,2,Medium,62,3.6,97,TRUE
1383,Nicole Frederick,Male,82,22,82,3,Medium,62,4.9,57,TRUE
8424,Mallory Fletcher,Female,92,22,86,2,Low,92,1.8,68,TRUE
7187,David Cummings,Male,90,30,70,3,High,90,2.3,59,FALSE
7751,Kelly Suarez,Male,90,15,60,0,Medium,92,2.2,73,FALSE
9502,Drew Morse,Male,88,22,77,0,Medium,78,3.7,76,TRUE
3364,Lauren Stephens,Male,85,17,65,2,Low,87,3.5,79,FALSE
1534,Penny Miller,Male,82,30,85,3,Medium,87,0.6,86,FALSE
1659,Paula Stewart,Male,90,30,82,1,Medium,85,2.4,100,TRUE
3328,Jonathan Johnson,Female,85,18,82,3,High,78,0,85,FALSE
2106,Laura Ross,Male,70,17,86,2,Low,78,4.5,100,FALSE
8786,Brandy Wilson,Male,78,12,77,1,Low,78,0.7,96,FALSE
2463,Brittany Briggs,Female,70,25,60,1,Low,80,4.8,78,FALSE
2450,Carl Coleman,Male,85,22,82,2,Low,87,3.2,55,TRUE
9877,Crystal Chandler,Male,91,12,90,1,Low,80,0.6,84,TRUE
2878,Julie Jackson,Male,82,10,82,0,High,85,3.8,59,FALSE
7672,Cindy Morales,Male,85,22,88,0,High,80,1.5,56,FALSE
7676,Kimberly Calderon,Male,85,18,70,3,Low,87,1.2,85,TRUE
5990,Lisa Brooks,Female,85,20,70,3,High,90,2.7,60,TRUE
9806,Destiny Todd,Female,82,17,78,1,Medium,88,1.4,60,TRUE
1745,Jacob Yoder,Male,82,22,85,2,High,62,3.5,58,FALSE
8077,Martha Moody,Male,91,12,88,1,Low,85,4.9,95,FALSE
5473,James Torres,Male,95,30,90,1,Low,90,0.1,94,TRUE
2270,Shelly Stuart,Male,85,20,88,0,Low,90,1.9,99,TRUE
3044,Julie Williams,Female,95,25,77,1,High,80,3.8,93,FALSE
4137,Tamara Jones,Female,91,18,90,3,Medium,90,0.2,81,TRUE
2070,Jeffrey Torres,Male,90,10,82,3,High,72,3.6,67,TRUE
7666,Alan Williams,Female,90,12,77,1,Medium,72,3.8,96,TRUE
4696,Dawn Nguyen,Female,90,25,90,0,Medium,85,0.3,90,TRUE
1456,Andrea Phillips,Female,70,15,86,1,Medium,92,0.5,65,FALSE
1897,Joseph Ellis,Female,91,8,85,2,Low,80,2.8,68,FALSE
7581,Jennifer Smith,Male,91,8,90,3,Low,88,0.1,74,FALSE
8014,Vickie Holloway,Male,95,15,77,2,Medium,88,1,56,TRUE
2106,Nancy Munoz,Male,91,10,70,2,Medium,62,2.4,89,FALSE
6098,Amber Gray,Male,78,17,82,3,Medium,85,1.8,50,TRUE
1939,Christian Barr,Male,82,12,78,0,Medium,92,4.9,90,TRUE
7558,Rebecca Kelly,Male,85,30,78,2,Medium,80,2.8,59,FALSE
8215,Aaron Walls,Male,91,30,78,1,High,92,1.4,64,FALSE
3855,Mark King,Female,82,25,65,3,High,68,4.2,56,TRUE
3248,James Macdonald,Female,90,30,90,2,Medium,92,1.8,73,TRUE
9633,Alexander Thompson,Female,90,20,65,0,High,92,2.7,94,FALSE
5049,Ashley Kaufman,Male,88,10,70,3,Medium,92,3.6,100,FALSE
2062,Megan Bernard,Male,82,8,70,1,Medium,72,2.3,70,FALSE
9609,Kelly Harper,Female,85,17,82,3,Medium,88,3.2,63,TRUE
4325,Daniel White,Female,92,8,90,2,Medium,62,2.9,73,FALSE
2388,Justin Castro,Male,90,18,77,2,Medium,92,2.9,79,FALSE
5096,Jeremy Shields,Female,88,25,86,0,Low,72,4.6,50,FALSE
5617,Matthew Davies,Female,70,8,86,1,Medium,72,4.9,59,FALSE
4728,Christine Hamilton,Male,92,17,90,2,Low,72,3.8,96,FALSE
6581,Crystal Proctor,Male,95,25,60,0,High,78,2.2,85,TRUE
7608,Victoria Mcbride,Female,95,22,78,3,High,68,0.8,71,FALSE
2138,Frank Brown DDS,Female,88,25,90,2,Low,72,0.3,53,FALSE
4325,Richard Howard Jr.,Male,88,25,78,0,Medium,87,4.1,88,TRUE
9615,Anita Dougherty,Female,91,17,77,1,Low,80,3.7,68,FALSE
6681,Alicia Watson,Female,70,22,65,0,High,68,4.5,96,FALSE
8501,Deborah Hunter,Female,78,22,85,0,Low,80,1.2,60,FALSE
9810,Morgan Gilbert,Female,90,25,77,0,Low,87,5,54,TRUE
9264,Taylor Crawford,Female,70,17,65,2,High,72,0.2,51,TRUE
6359,Cory Rosario DDS,Female,85,17,85,2,Low,92,3.6,78,TRUE
3759,Kyle Perez,Male,85,18,65,1,Medium,68,1.1,52,TRUE
8242,Kelly Gibson MD,Male,82,20,60,2,Medium,80,3,53,FALSE
4305,Angela Garcia,Male,95,25,90,2,High,62,0.1,50,FALSE
4148,Dylan Vaughan,Male,92,20,65,0,High,62,2.6,70,FALSE
4105,Kevin Santiago,Male,82,8,60,2,High,92,0.5,70,TRUE
1245,Terry Rodriguez,Female,95,15,60,3,Medium,92,0.3,67,FALSE
1719,Chad Mason,Male,92,8,82,3,Medium,87,3.6,100,TRUE
5127,Jessica Ferguson,Male,91,30,60,0,Medium,68,3.2,94,FALSE
2300,Jason Hood,Male,78,30,77,2,High,68,1.9,91,TRUE
1388,Tyler Mccormick,Male,95,30,90,3,Low,80,4.5,92,TRUE
4644,Megan Murphy,Female,82,30,65,1,Low,80,0.3,81,TRUE
1324,Teresa Rodriguez,Female,70,20,82,3,Low,68,2.8,61,FALSE
7233,Shannon Spencer,Female,88,17,82,0,Low,88,2.4,71,TRUE
8688,Darlene Tapia,Male,78,25,78,1,Low,90,2.5,76,FALSE
7113,Ryan Ball,Female,85,18,86,2,Medium,80,5,57,FALSE
3660,Anita Berger,Male,70,18,88,2,Low,78,3.2,73,TRUE
7313,Tom Bradley,Male,92,25,77,1,Medium,80,3.5,91,TRUE
5281,Melinda Cummings,Female,78,18,90,3,Low,68,0.1,99,TRUE
7297,Melissa Donaldson,Female,91,20,70,3,Medium,68,4.1,66,FALSE
5407,Isaiah Moore,Male,70,18,78,0,Medium,80,0.5,99,FALSE
9600,Jonathan Ramirez,Male,88,8,65,0,Medium,68,3.5,62,FALSE
3981,Mrs. Melanie Mueller,Male,85,22,90,0,High,80,3.7,98,TRUE
5249,Ms. Heather Dean,Female,85,22,85,0,High,85,0.4,57,FALSE
2052,David Malone,Female,85,22,90,1,Medium,87,0,67,TRUE
1685,Melissa Brown,Male,92,12,78,0,Low,72,4.9,98,FALSE
8961,Jason Woods,Female,95,22,60,1,Medium,90,5,65,FALSE
7528,Rachel Diaz,Female,91,15,88,1,High,80,2.3,94,FALSE
3275,Michael Jones,Male,91,20,70,2,Low,92,1.8,89,FALSE
9436,Taylor Mcgee,Female,92,15,88,1,Low,90,4.4,97,FALSE
8279,Christopher Ray,Male,91,17,60,3,High,90,2.1,80,TRUE
2465,Dr. James Henry DDS,Male,70,15,65,1,Medium,85,1.1,66,FALSE
3016,James Stevens,Male,82,17,85,1,High,88,3.8,88,TRUE
6623,Kevin Marquez,Female,70,12,60,3,High,85,0.6,55,TRUE
2460,Colleen Porter,Female,91,25,85,3,Medium,68,4.3,74,TRUE
6092,Christian Odom,Male,91,12,90,0,Medium,90,3.9,93,TRUE
9515,Calvin Macias,Male,90,8,78,2,Medium,90,0.7,68,TRUE
9189,Kim Fischer,Female,78,22,82,0,Low,80,3,69,TRUE
5480,Travis Schultz,Female,92,17,82,0,High,90,0.8,95,TRUE
4687,Bonnie Morris,Male,78,17,60,2,Low,68,5,85,FALSE
9978,Paul Poole,Female,90,10,88,3,High,85,2.3,60,TRUE
2670,Bernard Whitaker,Male,70,8,65,1,High,90,4.9,61,TRUE
2922,Melinda Miller,Female,91,8,65,0,High,80,0.6,75,FALSE
5959,Christina Gonzales,Male,70,20,77,0,Medium,78,1.8,57,TRUE
2549,Mary Bennett,Male,70,17,60,2,Low,68,0.5,54,TRUE
7640,Dr. Erik Pineda,Male,70,12,70,2,Medium,87,2.6,87,TRUE
4399,Sandra Burns,Male,78,22,65,1,Low,78,4,57,TRUE
6956,Erika Kennedy,Male,70,15,90,2,High,72,4.5,68,FALSE
5544,Rhonda Davenport,Male,91,8,85,2,Medium,85,1.9,60,FALSE
8472,Cheryl Brown,Male,88,8,65,2,High,87,3.1,67,TRUE
7097,Angela Bridges,Male,70,10,88,0,Medium,80,4.8,65,TRUE
5425,Brandon Rasmussen,Male,82,20,70,0,High,90,3.2,73,FALSE
3879,Allison Novak,Female,91,17,85,2,Medium,88,4.3,85,FALSE
2256,Jessica Howard,Male,90,10,86,1,High,85,2.8,81,TRUE
7946,Lisa Zhang,Male,85,17,70,2,Low,87,2,89,TRUE
7211,Brianna Henderson,Male,95,20,88,3,Low,87,1.5,80,FALSE
5337,Mark Sanchez,Male,85,22,60,3,Medium,72,4.1,52,FALSE
8999,Melissa Nguyen,Male,95,15,86,1,Medium,85,1.8,50,FALSE
4050,Jeff Carney,Male,95,15,85,0,Medium,92,0.4,82,TRUE
1095,Eric Wilson,Female,92,20,90,2,High,68,2,97,FALSE
1517,Linda Armstrong,Male,92,17,82,2,Medium,78,2.8,93,TRUE
4874,Darlene Burton,Female,95,8,86,1,Medium,78,1.4,81,TRUE
8027,Faith Johnson,Male,91,10,70,0,High,85,3.8,66,TRUE
8031,Nathan Miller,Male,85,20,70,3,High,92,5,87,TRUE
2489,Whitney Jefferson,Male,70,8,70,2,Low,92,1.1,77,FALSE
2005,Shane Sanders,Female,85,18,85,2,Medium,85,4.7,95,FALSE
5046,Felicia Cline,Female,85,10,78,1,High,90,1.1,80,FALSE
3134,Miss Carla Coleman MD,Female,95,30,86,2,Low,90,1.2,67,TRUE
4160,Crystal Brown,Female,90,20,70,3,Medium,85,3.6,98,TRUE
9741,Erica Miller,Male,85,10,90,0,Low,85,4.5,98,FALSE
4015,Erica Miller,Male,78,22,90,3,Low,80,4.4,100,FALSE
9254,Wesley May,Female,88,25,82,2,Low,87,0.9,52,TRUE
5781,Christopher Atkinson,Male,78,18,65,2,High,92,4.9,63,TRUE
1022,Blake Martinez,Female,91,30,88,2,Low,72,1.3,58,FALSE
7258,Mary Ramos,Female,91,12,90,1,High,90,1.3,87,FALSE
3550,Colleen Sanchez,Female,92,8,88,0,Medium,87,2.5,79,TRUE
4077,Ralph Becker,Male,78,20,60,3,Medium,62,0.5,83,TRUE
1193,Denise Coleman,Male,70,8,78,2,High,80,0.7,99,TRUE
1019,Anthony Smith,Male,85,25,60,0,High,90,3.3,64,FALSE
2841,Deborah Hernandez,Female,78,20,90,2,Medium,90,0.4,71,TRUE
6906,Kristi Price,Male,85,22,65,0,Medium,72,1.7,61,FALSE
3461,Alex Douglas,Female,91,18,88,2,Medium,78,3.3,66,TRUE
1035,Ian Mcdonald,Male,78,30,65,0,Medium,78,4.1,57,FALSE
5562,David Bauer,Male,90,30,65,0,Medium,90,1.6,77,FALSE
7301,Linda Beasley,Male,91,8,70,3,Low,92,3.5,65,FALSE
3283,Megan Hutchinson,Female,85,10,70,0,High,92,4.1,53,TRUE
3591,Thomas Freeman,Male,78,30,65,2,High,87,0.1,76,TRUE
8443,Travis Pierce,Female,91,12,82,3,Medium,68,1.4,55,FALSE
8674,Kristen Galloway,Female,95,8,60,0,High,90,3.2,62,FALSE
2776,Raven Taylor,Male,90,30,86,1,High,92,1.4,84,TRUE
1138,Holly Spencer,Female,88,8,70,3,Medium,62,3.6,58,TRUE
5753,Daniel Sullivan,Male,78,17,85,2,Low,92,4.4,93,TRUE
3638,Richard Franklin,Female,85,10,88,2,Medium,88,4.3,77,TRUE
7350,Samantha Klein,Male,92,22,86,2,High,88,3.1,81,TRUE
2116,Kimberly Pena,Female,91,30,88,2,High,68,3.6,79,FALSE
8753,Rebecca Burnett,Female,85,10,85,3,Medium,80,1.8,68,FALSE
7701,Anna Martinez,Male,85,30,70,3,Medium,90,0.4,76,FALSE
3592,Monica Johnson,Female,90,25,60,1,Low,87,1.7,79,FALSE
2787,Shannon Porter,Male,78,20,60,0,High,62,1.6,70,FALSE
7636,Joseph Sherman,Male,88,17,60,2,High,85,0.9,53,TRUE
